[{"member":[{"memberName":"I'm IN！","memberMusiclink":"https:\/\/youtu.be\/7a8tsWuFxjY","memberVideolink":"https:\/\/www.youtube.com\/watch?v=npO3k07Tsks","memberMusictext":"\\ 台鋼雄鷹 \/ \n\n舞台上的鋼鐵英雄 \n雄鷹般地主宰天空 \n時而兇猛 時而英勇 \n向前衝鋒 決不退縮 \n綠衣戰士 金光閃爍 \n目標鎖定 一一擊破 \n就連女神 躲在湖中 \n也被我感動 \n\n\\ 台鋼雄鷹 \/ \n有想過 放棄嗎 \n流著汗 為初衷 \n日復一日的訓練 \n從未動搖的信念 \n\n堅定不移的決心 \nNever Give Up \n\n為著所愛來打拚\n一天一天在流汗 \n這一切袂擱退後 \n有你有我作夥行 \n我永遠攏毋驚 \nFly to the Sky\n\n \\ 台鋼雄鷹 \/ \n\n舞台上的鋼鐵英雄 \n雄鷹般地主宰天空 \n時而兇猛 時而英勇 \n向前衝鋒 決不退縮 \n綠衣戰士 金光閃爍 \n目標鎖定 一一擊破 \n就連女神 躲在湖中 \n也被我感動 \n\n\n沒人在意 \n任拼盡全力 \n持續相信 \n相信自己（I’m IN） \n掌握勝利彼此面對困境 \nFight to Win \n直球對決衝刺本壘三振 \nHome Run Team \n全新的球隊揮灑汗水撼動著球迷 \n就算再辛苦無所畏懼來邁向冠軍 \n一球入魂 \n一生懸命 \n快一起加入台鋼雄鷹（I’m IN） \n\n舞台上的鋼鐵英雄 \n雄鷹般地主宰天空 \n時而兇猛 時而英勇 \n向前衝鋒 決不退縮 \n綠衣戰士 金光閃爍 \n目標鎖定 一一擊破 \n就連女神 躲在湖中 \n也被我感動"},{"memberName":"高雄之歌","memberMusiclink":"https:\/\/youtu.be\/FrAGAJgqYHM","memberVideolink":"https:\/\/youtu.be\/jXY_MGYZMrI","memberMusictext":""},{"memberName":"雄鷹之歌","memberMusiclink":"https:\/\/youtu.be\/CjNQLEOKENs","memberVideolink":"","memberMusictext":""},{"memberName":"吉祥物之歌","memberMusiclink":"https:\/\/youtu.be\/qkfbAfTwlMs","memberVideolink":"https:\/\/youtu.be\/w_a-qVzP_os","memberMusictext":""},{"memberName":"勇敢蛻變","memberVideolink":"https:\/\/youtu.be\/OHk9zerytOs","memberMusiclink":"https:\/\/youtu.be\/su5hkILf3bc","memberMusictext":""},{"memberName":"雄鷹展翅","memberMusiclink":"https:\/\/youtu.be\/594WqQ-74Bc","memberVideolink":"https:\/\/www.youtube.com\/watch?v=SbEvUx8oe98","memberMusictext":"戰鼓聲響亮 在天地之間迴響 \n榮譽在胸膛 雄鷹展翅去飛翔 \n雄鷹光芒 照亮每個人的心房 \n為夢想 堅持勇敢又堅強 \n\n縱橫在球場 過關斬將雄鷹強 \n一身是膽 南北去闖蕩 \n縱橫在球場 過關斬將雄鷹強 \n寫下輝煌 雄心壯志在四方 \n\n喔嗨洋Yu 喔嗨洋Ho Yu \n我們團結在一起 希望就燃起 \n喔嗨洋Yu 喔嗨洋Ho Yu \n我們團結在一起 併肩奪第一 \n\n雄鷹展翅我全力衝刺 邁向勝利的道路 \n鷹勇的戰士堅定著腳步 \n雄鷹展翅我專心一志 實現夢想的藍圖 \n這條路或許會辛苦 \n就算逆風飛翔雄鷹已展翅 \n\n戰鼓聲響亮 在天地之間迴響 \n榮譽在胸膛 雄鷹展翅去飛翔 \n雄鷹光芒 照亮每個人的心房 \n為夢想 堅持勇敢又堅強 \n\n縱橫在球場 過關斬將雄鷹強 \n一身是膽 南北去闖蕩 \n縱橫在球場 過關斬將雄鷹強 \n寫下輝煌 雄心壯志在四方 \n\n喔嗨洋Yu 喔嗨洋Ho Yu \n我們團結在一起 希望就燃起 \n喔嗨洋Yu 喔嗨洋Ho Yu \n我們團結在一起 併肩奪第一 \n\n雄鷹展翅我全力衝刺 邁向勝利的道路 \n鷹勇的戰士堅定著腳步 \n雄鷹展翅我專心一志 實現夢想的藍圖 \n這條路或許會辛苦 \n就算逆風飛翔雄鷹已展翅"},{"memberName":"翅膀硬了","memberVideolink":"","memberMusictext":"","memberMusiclink":"https:\/\/youtu.be\/K8ryKrqpj0E"}],"category":"雄鷹主題曲"},{"member":[{"memberName":"開場序曲","memberMusiclink":"https:\/\/youtu.be\/D_v8rKsL64o","memberVideolink":"","memberMusictext":""},{"memberName":"敢衝敢拚","memberVideolink":"https:\/\/www.youtube.com\/watch?v=ALMK2AQLkW4","memberMusictext":"戰鬥吧 \n \n雄鷹啊 \n \n進攻吧 \n \n雄鷹啊 \n \nHo~~ Ho~~ \n \n串連進攻 火力猛 \n \n不停轟最威風 \n \nHo~~ Ho~~ \n \n台鋼的鷹雄 氣勢如虹 \n \n全力轟 \n \nHo~~Ho~~ \n \nHo~~Ho~~ \n \n把握機會向前行 \n \n第一名 \n \n台鋼鷹雄一定贏 \n \n作伙拚 \n \n把握機會向前行 \n \n第一名 \n \n台鋼鷹雄一定贏 \n \n作伙拚 ","memberMusiclink":"https:\/\/youtu.be\/iLf-pd25Wqg"},{"memberName":"氣蓋山河","memberMusiclink":"https:\/\/youtu.be\/Ijl02SadKUk","memberVideolink":"https:\/\/www.youtube.com\/watch?v=X1fxomeRgTk","memberMusictext":"就是這一刻 得分的時候 \n\n台鋼的鷹雄 攻無不克 \n\n棒棒都開轟 勝利是我的 \n\n台鋼的鷹雄 齊來唱和 \n\n台鋼雄鷹 安打！ \n\n台鋼雄鷹 全壘打！ \n\n（重複四次） \n\n啦啦啦啦啦啦 啦啦啦啦啦啦 \n\n啦啦啦啦啦啦 啦啦啦啦啦啦"},{"memberName":"展開攻擊","memberMusiclink":"https:\/\/youtu.be\/BKt7EXMiL7g","memberVideolink":"https:\/\/www.youtube.com\/watch?v=vfCvjxn3drY","memberMusictext":"我展開攻擊 \n \n雄鷹戰到底 \n你最好快放棄 \n \n榮譽在心底 \nWe fighting 奪第一 \n \n雄鷹戰到底 \n你最好快放棄 \n \n剛強的毅力 \nWe fighting 奪第一 \n \nHey Hey Hey Hey \n \nWe fighting go \n我就是有氣魄 \n \nWe fighting go \n全力拚鬥 \n \nWe fighting go \n把勝利握在手 \n \nWe fighting \ntogether"},{"memberName":"南王之歌","memberMusiclink":"https:\/\/youtu.be\/6eckJiS3YeM","memberVideolink":"https:\/\/www.youtube.com\/watch?v=hzsXQ7wcYnE","memberMusictext":"Ho a I ye yan \n \nl-ye-yan \n \nho a i yak ho i yan \n \nSemenasenay \n \na risarisan \n \nho a i yan ho i yan \n \nHo i yan \n \nnaru hay yan \n \nHo i yan-ho i yan \n \n（球員名）（球員名） \n \nHito Hito \n \n（球員名）（球員名）（球員名） \n \nHome Run Home Run \n \n（球員名） Ho a i ye yan \n \n（球員名） \n \nho a i yan ho i yan \n \nSemenasenay（球員名） \n \nho a i yan ho i yan \n \n台鋼雄鷹 "},{"memberName":"勝利殿堂","memberMusiclink":"https:\/\/youtu.be\/SmUWZib_gIs","memberVideolink":"https:\/\/www.youtube.com\/watch?v=EhCyKpn7Gfc","memberMusictext":"台鋼雄鷹 \n \n展翅從天而降 \n \n為了實現 \n \n職棒夢想 \n \n狂熱如太陽 \n \n台鋼雄鷹 \n勇敢又堅強 \n \n台鋼雄鷹 \n勇敢又堅強 \n \n點燃著希望 \n飛向勝利殿堂 \n \n點燃著希望 \n飛向勝利殿堂 \n \nHO HO HO HO HO \nHO HO HO HO HO \n \nLa La La La La \nLa La La La La La \n \nHO HO HO HO HO \nHO HO HO HO HO \n \nLa La La La La \nLa La La La La La \n \n壯志雄心 台鋼雄鷹 \n \n台鋼雄鷹 \n勇敢又堅強 \n \n台鋼雄鷹 \n勇敢又堅強 \n \n點燃著希望 \n飛向勝利殿堂 \n \n點燃著希望 \n飛向勝利殿堂 \n \nHO HO HO HO HO \nHO HO HO HO HO \n \nLa La La La La \nLa La La La La La \n \nHO HO HO HO HO \nHO HO HO HO HO \n \nLa La La La La \nLa La La La La La \n \n台鋼雄鷹勇敢又堅強 \n點燃著希望飛向勝利殿堂 "},{"memberName":"勝利歌 ","memberMusiclink":"https:\/\/youtu.be\/0ZjUs03PfEY","memberVideolink":"https:\/\/www.youtube.com\/watch?v=zFmlK1yFiP0","memberMusictext":"勝利在我 \n為我來拍手 \n \n雄鷹是我 \n為我來加油 \n \n得分時刻 \n全力來掌握 \n \n台鋼雄鷹 \n不退縮不放手 \n \nFighting Go \nFighting Go \n \nHito Hito \n打不停 \n \nFighting Go \nFighting Go \n \nHito Hito \n我最行 "}],"category":"嗆司＆局間曲"},{"member":[{"memberName":"Hey Sa Hey","memberMusiclink":"https:\/\/youtu.be\/AJ1kXIS0XJQ","memberVideolink":"https:\/\/www.youtube.com\/watch?v=y7qsxeWRQjg","memberMusictext":"NA NA NA NA NA\nNA NA NA NA NA\nNA NA NA NA NA\nNA NA NA NA NA\nNA NA NA NA \n\nNA NA NA NA NA\nNA NA NA NA NA\nNA NA NA NA NA\nNA NA NA NA NA\nNA NA NA NA\n\n台鋼 hey sa hey\n雄鷹 hey sa hey"},{"memberName":"OH Lay OH","memberMusiclink":"https:\/\/youtu.be\/x6kbs29LJsc","memberVideolink":"https:\/\/www.youtube.com\/watch?v=RdB5dtrhzSU","memberMusictext":"GO!\n\nOH OH-Lay-OH\nOH OH-Lay-OH\nOH OH-Lay-OH\n\n雄鷹球棒火熱 GO!\n\nOH OH-Lay-OH\nOH OH-Lay-OH\nOH OH-Lay-OH\n\nGO GO GO\n\n雄鷹展翅\nGO GO GO\n\n得分得分\nGO GO GO\n\n最強雄鷹\nGO GO GO\n\n旗開得勝\nGO\n\n奪勝利\nOH OH-Lay-OH\nOH GOGO\n\nOH OH-Lay-OH\nOH GOGO\n\nOH OH-Lay-OH\nOH GOGO\n\nOH OH-Lay-OH\nOH GOGO"},{"memberName":"Hito","memberMusiclink":"https:\/\/youtu.be\/3cbOA47SX1E","memberVideolink":"https:\/\/youtu.be\/xcl0Y37pNsI","memberMusictext":""},{"memberName":"Homerun","memberMusiclink":"https:\/\/youtu.be\/IE65SqEQQfE","memberVideolink":"https:\/\/youtu.be\/hd6ptDHUbGo","memberMusictext":""},{"memberName":"盜壘歌","memberMusiclink":"https:\/\/youtu.be\/2oO75S-1uvs","memberVideolink":"https:\/\/youtu.be\/Ic2AD-ox7rU","memberMusictext":""},{"memberName":"雄鷹GO","memberMusiclink":"https:\/\/youtu.be\/6-kJReb_RLQ","memberVideolink":"https:\/\/youtu.be\/SDe9yhJy8Tc","memberMusictext":""},{"memberName":"拍手歌","memberMusiclink":"https:\/\/youtu.be\/fOP5CzC00qI","memberVideolink":"https:\/\/www.youtube.com\/watch?v=AkB7ruzn2b8","memberMusictext":"跟著節奏\n拍手拍拍手喔\n\n安打全壘打雄鷹\n（球員名）\n\n台鋼雄鷹\n加油加加油喔\n\n安打全壘打雄鷹\n（球員名）\n\n跟著節奏\n拍手拍拍手喔\n\n安打全壘打雄鷹\n（球員名）\n\n台鋼雄鷹\n加油加加油喔\n\n安打全壘打雄鷹\n（球員名）\n\nGO!\nEverybody\n\n為勝利\n拍手加油\n\n安打全壘打雄鷹\n（球員名）\n\n跟著節奏\n拍手拍拍手喔\n\n安打全壘打雄鷹\n（球員名）\n\n台鋼雄鷹\n加油加加油喔\n\n安打全壘打雄鷹\n（球員名）\n\n跟著節奏\n拍手拍拍手喔\n\n安打全壘打雄鷹\n（球員名）\n\n台鋼雄鷹\n加油加加油喔\n\n安打全壘打雄鷹\n（球員名）\n\nGO!\nEverybody\n\n為勝利\n拍手加油"},{"memberName":"雄鷹無敵","memberMusiclink":"https:\/\/youtu.be\/awbaPZkOvNo","memberVideolink":"https:\/\/www.youtube.com\/watch?v=w70Q-NvEwYQ","memberMusictext":"Go~\n安打 全壘打\n安打 全壘打\n\n什麼球來我都打\n什麼球來我都打\n\n安打 安打\n打安打 打安打\n\n全壘打 全壘打\n全壘打 全壘打\n\nGo~\n我的主場我最大\n台鋼雄鷹最會打\nSa Sa Sa Sa\n台鋼雄鷹\nGo~\n我的主場我最大\n雄鷹團結力量大\nSa Sa Sa Sa\n台鋼雄鷹"},{"memberName":"勝利在我","memberMusiclink":"https:\/\/youtu.be\/zQYP7aQMEzk","memberVideolink":"","memberMusictext":""},{"memberName":"鷹勇戰士","memberMusiclink":"https:\/\/youtu.be\/RFco7XW24-c","memberVideolink":"https:\/\/www.youtube.com\/watch?v=_7sPXWJoEhs","memberMusictext":"台鋼鷹勇的戰士 \n（球員名） \n \n展開猛烈的攻擊 \n（球員名） \n \n台鋼鷹勇的戰士 \n（球員名） \n \n雄心壯志 \n一棒飛出去 \n \nHey Hey Hey Hey \nHey Hey Hey Hey \n（球員名） \n \nHey Hey Hey Hey \nHey Hey Hey Hey \n（球員名） \n \nHey Hey Hey Hey \nHey Hey Hey Hey \n（球員名） \n \nHey Hey Hey Hey \n一棒飛出去 \n \n台鋼雄鷹 \n雄心壯志 \n \n強悍雄鷹 \n團結一心 \n \n台鋼雄鷹 \n雄心壯志 \n \n強悍雄鷹 \n團結一心 \n \n台鋼鷹勇的戰士 \n（球員名） \n \n展開猛烈的攻擊 \n（球員名） \n \n台鋼鷹勇的戰士 \n（球員名） \n \n雄心壯志 \n一棒飛出去 "},{"memberName":"戰鬥吧！雄鷹","memberMusiclink":"https:\/\/youtu.be\/Q3h6-1ZZa1w","memberVideolink":"https:\/\/www.youtube.com\/watch?v=PGm6zQdY9wM","memberMusictext":"戰鬥吧雄鷹\nHO HO HO HO\nHO HO HO HO\n榮譽在 我心裡\n化成了勇氣\nHO HO HO HO\nHO HO HO HO\n\n奪 勝\n我全力戰鬥\nHO HO HO HO\nHO HO HO HO\n\n每一戰 我敢拚\n創造了奇蹟\nHO HO HO HO\nHO HO HO HO\n\n台 鋼\n戰鬥吧雄鷹\n台鋼雄鷹 我戰力堅定\n雄心壯志 戰鬥吧雄鷹\n台鋼雄鷹 我戰力堅定\n雄心壯志 戰鬥吧雄鷹"}],"category":"應援曲"},{"member":[{"memberName":"#1 曾子祐 🦅","memberMusiclink":"https:\/\/youtu.be\/5jNhnfhXMY8","memberVideolink":"https:\/\/www.youtube.com\/watch?v=GLmId6bBug0","memberMusictext":"急速攻擊\n曾子祐 安打\n突破重圓\n曾子祐 全壘打\nYOYO 安打\nYOYO 全壘打"},{"memberName":"#3 陳文杰 🦅","memberMusiclink":"https:\/\/youtu.be\/Qxcp9NDzFds","memberVideolink":"https:\/\/www.youtube.com\/watch?v=bEASXlL8aqk","memberMusictext":"台鋼 豪杰 鷹勇 文杰！\n勇敢 挑戰一切\n速度 超越極限\n帶領台鋼勝利告捷 陳文杰！\n勇敢 挑戰一切\n速度 超越極限\n帶領台鋼勝利告捷 陳文杰！\n台鋼 豪杰 鷹勇 文杰！"},{"memberName":"#6 王博玄 🦅","memberMusiclink":"https:\/\/youtu.be\/VhFirA8vhDo","memberVideolink":"https:\/\/www.youtube.com\/watch?v=gKmnK_griFc","memberMusictext":"內旋外旋 內旋外旋\n王博玄\n一棒過牆 全壘打\n內旋外旋 內旋外旋\n王博玄\n勝利凱旋 王博玄"},{"memberName":"#7 郭永維 🦅","memberMusiclink":"https:\/\/youtu.be\/lmOnJy94zKU","memberVideolink":"https:\/\/www.youtube.com\/watch?v=KXkPPYFSykc","memberMusictext":"台鋼護衛\n郭永維\n見義勇為\n郭永維"},{"memberName":"#9 王柏融 🦅","memberMusiclink":"https:\/\/youtu.be\/qMb4JR_0G8w","memberVideolink":"https:\/\/www.youtube.com\/watch?v=_OAH-yqZf5c","memberMusictext":"嘿嘿嘿 嘿嘿嘿\n柏融大王 嘿嘿嘿\n台鋼大王\n嘿嘿嘿 柏融大王\n嘿嘿嘿 台鋼大王"},{"memberName":"#16林家鋐 🦅","memberMusiclink":"https:\/\/youtu.be\/JwbyOJyC6eU","memberVideolink":"https:\/\/youtu.be\/AvTms9Qo8uo","memberMusictext":"Sa sa  \n\n安打 全壘打 \n\nSa sa  \n\n安打 全壘打 "},{"memberName":"#24 紀慶然 🦅","memberMusiclink":"https:\/\/youtu.be\/sof_LglDehk","memberVideolink":"https:\/\/www.youtube.com\/watch?v=bN0Y9GU2YyQ","memberMusictext":"紀慶然\n紀慶然\n打擊硬漢 紀慶然\n勝利必然 紀慶然\n紀慶然 熱血然\n勝利必然 紀慶然"},{"memberName":"#29 張肇元 🦅","memberMusiclink":"https:\/\/youtu.be\/-A97IK6MnWI","memberVideolink":"https:\/\/www.youtube.com\/watch?v=1oKT9uX_Q_w","memberMusictext":"球給肇元 飛得好遠\n巨棒灰揮擊 誰能批匹敵\n轟吧！ 肇元！ 轟得！ 好遠！\n轟 到 最 遠\n張肇元"},{"memberName":"#31 吳明鴻 🦅","memberMusiclink":"https:\/\/youtu.be\/88uIBCFDlMY","memberVideolink":"https:\/\/www.youtube.com\/watch?v=TvYrU6nnHls","memberMusictext":"一路狂  一路轟\n吳明鴻\n一路狂轟吳明鴻\n吳明鴻\n安打全壘打\n吳明鴻"},{"memberName":"#39 吳念庭 🦅","memberMusiclink":"https:\/\/youtu.be\/jL0Z_kt6Fps","memberVideolink":"https:\/\/www.youtube.com\/watch?v=I2cK_wD72j8","memberMusictext":"台鋼拋瓦 吳念庭 \n嘿 \n嘿嘿嘿 \n嘿 \n嘿嘿嘿 \n嘿 \n嘿嘿嘿 "},{"memberName":"#42 黃劼希 🦅","memberMusiclink":"https:\/\/youtu.be\/9VNoumzx3Vo","memberVideolink":"https:\/\/www.youtube.com\/watch?v=aLEQ6rn5FZY","memberMusictext":"JC GO 黃劼希\n\nJC GO 黃劼希\n\nJC GO 黃劼希\n\n鷹勇出擊 黃劼希\n\nFighting Go\n\nFighting Go\n\nHITO HOME RUN\n\n黃劼希\n\nJC GO JC GO\n\nJC GO JC GO"},{"memberName":"#59郭阜林 🦅","memberMusiclink":"https:\/\/youtu.be\/3U3plEOtGEw","memberVideolink":"https:\/\/www.youtube.com\/watch?v=qkyOD7f0coI","memberMusictext":"勁風郭卓 \n\n郭阜林 \n\n疾風一斬 \n\n郭卓 \n\n疾風一斬 \n\n郭阜林 "},{"memberName":"#71 杜家明 🦅","memberMusiclink":"https:\/\/youtu.be\/rSvYJMMSHZg","memberVideolink":"https:\/\/www.youtube.com\/watch?v=Qj6-MpYhCpQ","memberMusictext":"杜家明強襲猛攻\n\n大棒揮擊\n\n一棒就要揮出去\n\n杜家明強襲猛攻\n\n大棒揮擊\n\n安打安打全壘打"},{"memberName":"#73 葉保弟 🦅","memberMusiclink":"https:\/\/youtu.be\/4YnweDh0sQI","memberVideolink":"https:\/\/www.youtube.com\/watch?v=4mZLN3r20yw","memberMusictext":"安打安打\n\n葉保弟\n\n保勝大弟\n\n葉保弟\n\n保勝勝利\n\n葉保弟\n\n勝利出擊\n\n葉保弟"},{"memberName":"#77 洪瑋漢 🦅","memberMusiclink":"https:\/\/youtu.be\/4JSOL2ehDIs","memberVideolink":"https:\/\/www.youtube.com\/watch?v=ubk3uDMr-_I","memberMusictext":"洪瑋漢\n\n鐵漢的衝擊 洪瑋漢\n\n雄鷹的硬漢 洪瑋漢\n\n炸裂衝擊 洪瑋漢\n\n鐵漢猛擊 洪瑋漢"},{"memberName":"#88 藍寅倫 🦅","memberMusiclink":"https:\/\/youtu.be\/MDhuzd_hpuA","memberVideolink":"https:\/\/www.youtube.com\/watch?v=jWoYCTw10hM","memberMusictext":"一擊致霸 藍88\n\n用力轟吧 藍88\n\n 一鼓作氣 藍寅倫\n\n安打 全壘打\n\n88致霸"},{"memberName":"#94 魔鷹 🦅","memberMusiclink":"https:\/\/youtu.be\/6-BSqEh0SJI","memberVideolink":"https:\/\/www.youtube.com\/watch?v=a1JXhIM21xY","memberMusictext":"Let’s Go! Figjting! \n咿～呀～嘿！殺！"}],"category":"球員應援曲"},{"member":[{"memberName":"YouTube","memberMusiclink":"","memberVideolink":"https:\/\/music.youtube.com\/channel\/UCbXwnOO4m6LWDEjoR_dOJ5g","memberMusictext":""},{"memberName":"Spotify","memberMusiclink":"","memberVideolink":"https:\/\/open.spotify.com\/artist\/6mrJ0N4ITNsJBP8FRLQMHj","memberMusictext":""},{"memberName":"Instagram","memberMusiclink":"","memberVideolink":"https:\/\/www.instagram.com\/tsg_hawks\/","memberMusictext":""}],"category":"其他"}]