[{"girlstar":"牡羊座","girImage":"3x_Matt","girlNO":"打棒球、旅行、聽Podcast","girlweight":"68 kg","girlURL":"https:\/\/cpblgirls.tw\/files\/member\/cache.c1a675d4c9916ffea0830a50e57a7a1c.jpg.w334_h500.jpg","girlName":"Matt","girlfacebookURL":"","girlheight":"176 cm","girligURL":"https:\/\/www.instagram.com\/llyincc__\/","girlsecondName":"朝氣鷹雄","girlnickName":"Matt","girIntime":"2024","girlbrithday":"04\/09"},{"girlstar":"天秤座","girImage":"3x_柏澄","girlNO":"運動健身、講脫口秀","girlweight":"65 kg","girlURL":"https:\/\/cpblgirls.tw\/files\/member\/cache.b2c75e1ec1c4554bd2fcec48b958ccdc.jpg.w334_h500.jpg","girlName":"柏澄","girlfacebookURL":"https:\/\/www.facebook.com\/groups\/927987881965989\/?ref=share&mibextid=K35XfP&rdid=9g8EhldMs3wnhqeE&share_url=https%3A%2F%2Fwww.facebook.com%2Fshare%2FWJ7zAackxwdebdh8%2F%3Fmibextid%3DK35XfP","girlheight":"177 cm","girligURL":"https:\/\/www.instagram.com\/2005_2_11\/","girlsecondName":"陽光鷹雄","girlnickName":"柏澄","girIntime":"2024","girlbrithday":"1996\/10\/15"},{"girlstar":"金牛座","girImage":"3x_奧丁","girlNO":"彈鋼琴、跳舞、畫畫","girlweight":"60 kg","girlURL":"https:\/\/cpblgirls.tw\/files\/member\/cache.4ed72fe9545add3e2d10f5fd55fc62fe.jpg.w334_h500.jpg","girlName":"奧丁","girlfacebookURL":"https:\/\/www.facebook.com\/groups\/773585364712152\/?ref=share_group_link","girlheight":"177 cm","girligURL":"https:\/\/www.instagram.com\/yi_shiuan_lee\/","girlsecondName":"帥氣鷹雄","girlnickName":"奧丁","girIntime":"2024","girlbrithday":"1988\/05\/14"},{"girlstar":"牡羊座","girImage":"3x_沐妍","girlNO":"","girlweight":"","girlURL":"https:\/\/cpblgirls.tw\/files\/member\/cache.60c160b28e1f9c2a535d5baf1949e2e6.jpg.w334_h500.jpg","girlName":"沐妍","girlfacebookURL":"","girlheight":"","girligURL":"","girlsecondName":"活力系","girlnickName":"沐妍","girIntime":"2024","girlbrithday":"04\/09"},{"girlstar":"金牛座","girImage":"3x_TAKAO","girlNO":"","girlweight":"","girlURL":"https:\/\/cpblgirls.tw\/files\/member\/9be37cb1b421577f53c1de555ef89506.png","girlName":"TAKAO","girlfacebookURL":"https:\/\/www.facebook.com\/groups\/323656140685920\/?ref=share&mibextid=K35XfP&rdid=EfEF66WZE8UW3xC8&share_url=https%3A%2F%2Fwww.facebook.com%2Fshare%2F842sAjHnuioficL8%2F%3Fmibextid%3DK35XfP","girlheight":"","girligURL":"https:\/\/www.instagram.com\/for_you_1105\/","girlsecondName":"地表最帥焦香鷹雄","girlnickName":"TAKAO","girIntime":"2024","girlbrithday":"04\/27"},{"girlstar":"處女座","girImage":"3x_TAKAMEI","girlNO":"","girlweight":"","girlURL":"https:\/\/cpblgirls.tw\/files\/member\/cache.3a620e633cb4217e66116f14c9f2cd0c.jpg.w334_h500.jpg","girlName":"TAKAMEI","girlfacebookURL":"","girlheight":"","girligURL":"https:\/\/www.instagram.com\/_940905_\/","girlsecondName":"甜蜜系","girlnickName":"林恬妤","girIntime":"2024","girlbrithday":"9月5日"}]