[{"girlstar":"牡羊座","girImage":"linxi","girlNO":"33","girlURL":"https:\/\/cpblgirls.tw\/files\/member\/cache.c1a675d4c9916ffea0830a50e57a7a1c.jpg.w334_h500.jpg","girlName":"林浠","girlfacebookURL":"","girlheight":"165cm","girligURL":"https:\/\/www.instagram.com\/llyincc__\/","girlsecondName":"療癒系","girlnickName":"蔡沛穎","girIntime":"2024","girlbrithday":"1996\/04\/16"},{"girlstar":"水瓶座","girImage":"huanchengcheng","girlNO":"18","girlURL":"https:\/\/cpblgirls.tw\/files\/member\/cache.b2c75e1ec1c4554bd2fcec48b958ccdc.jpg.w334_h500.jpg","girlName":"黃澄澄","girlfacebookURL":"https:\/\/www.facebook.com\/groups\/927987881965989\/?ref=share&mibextid=K35XfP&rdid=9g8EhldMs3wnhqeE&share_url=https%3A%2F%2Fwww.facebook.com%2Fshare%2FWJ7zAackxwdebdh8%2F%3Fmibextid%3DK35XfP","girlheight":"164cm","girligURL":"https:\/\/www.instagram.com\/2005_2_11\/","girlsecondName":"甜蜜系","girlnickName":"黃子宸","girIntime":"2024","girlbrithday":"2005\/02\/11"},{"girlstar":"處女座","girImage":"quanquan","girlNO":"00","girlURL":"https:\/\/cpblgirls.tw\/files\/member\/cache.4ed72fe9545add3e2d10f5fd55fc62fe.jpg.w334_h500.jpg","girlName":"圈圈","girlfacebookURL":"https:\/\/www.facebook.com\/groups\/773585364712152\/?ref=share_group_link","girlheight":"165cm","girligURL":"https:\/\/www.instagram.com\/yi_shiuan_lee\/","girlsecondName":"軟萌系","girlnickName":"李宜軒","girIntime":"2024","girlbrithday":"1998\/09\/08"},{"girlstar":"雙子座","girImage":"youwen","girlNO":"52","girlURL":"https:\/\/cpblgirls.tw\/files\/member\/cache.60c160b28e1f9c2a535d5baf1949e2e6.jpg.w334_h500.jpg","girlName":"筱雯","girlfacebookURL":"https:\/\/www.facebook.com\/groups\/3152843638182582\/?_rdr","girlheight":"170cm","girligURL":"https:\/\/www.instagram.com\/cx_moon_\/","girlsecondName":"活力系","girlnickName":"陳筱雯","girIntime":"2024","girlbrithday":"1999\/05\/22"},{"girlstar":"天蠍座","girImage":"xiling","girlNO":"19","girlURL":"https:\/\/cpblgirls.tw\/files\/member\/9be37cb1b421577f53c1de555ef89506.png","girlName":"妡0","girlfacebookURL":"https:\/\/www.facebook.com\/groups\/323656140685920\/?ref=share&mibextid=K35XfP&rdid=EfEF66WZE8UW3xC8&share_url=https%3A%2F%2Fwww.facebook.com%2Fshare%2F842sAjHnuioficL8%2F%3Fmibextid%3DK35XfP","girlheight":"150cm","girligURL":"https:\/\/www.instagram.com\/for_you_1105\/","girlsecondName":"軟萌系","girlnickName":"方妡蔆","girIntime":"2024","girlbrithday":"2003\/11\/05"},{"girlstar":"處女座","girImage":"tianyu","girlNO":"5","girlURL":"https:\/\/cpblgirls.tw\/files\/member\/cache.3a620e633cb4217e66116f14c9f2cd0c.jpg.w334_h500.jpg","girlName":"恬魚","girlfacebookURL":"","girlheight":"168cm","girligURL":"https:\/\/www.instagram.com\/_940905_\/","girlsecondName":"甜蜜系","girlnickName":"林恬妤","girIntime":"2024","girlbrithday":"2005\/09\/05"},{"girlstar":"巨蟹座","girImage":"ailin","girlNO":"20","girlURL":"https:\/\/cpblgirls.tw\/files\/member\/e9b6efc5b56df9e754f4888f60219dbd.png","girlName":"艾琳","girlfacebookURL":"","girlheight":"168cm","girligURL":"https:\/\/www.instagram.com\/xnirene_\/","girlsecondName":"活力系","girlnickName":"張庭宜","girIntime":"2024","girlbrithday":"2002\/06\/30"},{"girlstar":"魔羯座","girImage":"kunkun","girlNO":"7","girlURL":"https:\/\/cpblgirls.tw\/files\/member\/cache.df518ed90dc556ac9d067cae125848c9.jpg.w334_h500.jpg","girlName":"昆昆","girlfacebookURL":"https:\/\/www.facebook.com\/groups\/940680454313420\/?_rdr","girlheight":"168cm","girligURL":"https:\/\/www.instagram.com\/yu_jun.hu\/","girlsecondName":"軟萌系","girlnickName":"吳俞君","girIntime":"2024","girlbrithday":"2004\/01\/07"},{"girlstar":"天秤座","girImage":"anzhihuan","girlNO":"2","girlURL":"https:\/\/cpblgirls.tw\/files\/member\/cache.2bd4c95d606d232ad7d0a64fa13e3d2f.jpg.w337_h500.jpg","girlName":"安芝儇","girlfacebookURL":"https:\/\/www.facebook.com\/wlgus2gh\/?locale=zh_TW","girlheight":"169cm","girligURL":"https:\/\/www.instagram.com\/wlgus2qh\/","girlsecondName":"應援總監","girlnickName":"安芝儇","girIntime":"2024","girlbrithday":"1997\/10\/03"},{"girlstar":"金牛座","girImage":"yili","girlNO":"22","girlURL":"https:\/\/cpblgirls.tw\/files\/member\/cache.043eee387cba056ec5958acc16a9186f.jpg.w334_h500.jpg","girlName":"一粒","girlfacebookURL":"https:\/\/www.facebook.com\/groups\/913163913929547\/?ref=sharehttps%3A%2F%2Fwww.facebook.com%2Fgroups%2F913163913929547%2F%3Fref%3Dshare&exp=8ce3&fs=e&s=cl","girlheight":"158cm","girligURL":"https:\/\/www.instagram.com\/ilixoxov\/","girlsecondName":"軟萌系","girlnickName":"趙宜莉","girIntime":"2024","girlbrithday":"1999\/04\/22"},{"girlstar":"獅子座","girImage":"lile","girlNO":"10","girlURL":"https:\/\/cpblgirls.tw\/files\/member\/cache.a0e25e196a70f886cf19a782422b1909.jpg.w334_h500.jpg","girlName":"李樂","girlfacebookURL":"https:\/\/www.facebook.com\/groups\/1240283343599139\/?ref=share_group_link","girlheight":"165cm","girligURL":"https:\/\/www.instagram.com\/lunelile\/","girlsecondName":"甜蜜系","girlnickName":"李姮樂","girIntime":"2024","girlbrithday":"2003\/07\/31"},{"girlstar":"摩羯座","girImage":"piaowenshu","girlNO":"90","girlURL":"https:\/\/cpblgirls.tw\/files\/member\/cache.edef5abfda9f9532ece1b71d0517ebb4.jpg.w334_h500.jpg","girlName":"Mingo","girlfacebookURL":"https:\/\/www.facebook.com\/mingo0090\/","girlheight":"165cm","girligURL":"https:\/\/www.instagram.com\/_min_go\/","girlsecondName":"表演總監","girlnickName":"朴旻曙","girIntime":"2024","girlbrithday":"2000\/12\/28"},{"girlstar":"天蠍座","girImage":"rourou","girlNO":"23","girlURL":"https:\/\/cpblgirls.tw\/files\/member\/cache.e5afa9e7ba541206d20f63b417966a43.jpg.w334_h500.jpg","girlName":"瑈瑈","girlfacebookURL":"https:\/\/www.facebook.com\/groups\/390822627108811\/?ref=share&mibextid=K35XfP&rdid=ZBknX37idJPuIT3X&share_url=https%3A%2F%2Fwww.facebook.com%2Fshare%2FxSmETdL9fgZv77nL%2F%3Fmibextid%3DK35XfP","girlheight":"170cm","girligURL":"https:\/\/www.instagram.com\/y.rouu_\/","girlsecondName":"療癒系","girlnickName":"黃羽瑈","girIntime":"2024","girlbrithday":"2000\/11\/12"},{"girlstar":"處女座","girImage":"jc","girlNO":"16","girlURL":"https:\/\/cpblgirls.tw\/files\/member\/cache.acc20423477021c33e4f084fe1905ba1.jpg.w334_h500.jpg","girlName":"JC","girlfacebookURL":"https:\/\/www.facebook.com\/groups\/3562496487335448\/?ref=share&mibextid=NSMWBT&_rdr","girlheight":"170cm","girligURL":"https:\/\/www.instagram.com\/jiayin_ching\/","girlsecondName":"活力系","girlnickName":"莊佳熒","girIntime":"2024","girlbrithday":"2000\/09\/10"},{"girlstar":"雙子座","girImage":"yingying","girlNO":"62","girlURL":"https:\/\/cpblgirls.tw\/files\/member\/cache.cc21e68107df452be376bda40b424a20.jpg.w334_h500.jpg","girlName":"螢螢","girlfacebookURL":"https:\/\/www.facebook.com\/groups\/yingfansclub\/?ref=share_group_link","girlheight":"168cm","girligURL":"https:\/\/www.instagram.com\/yinnng_0522\/","girlsecondName":"療癒系","girlnickName":"蔡佩螢","girIntime":"2024","girlbrithday":"1997\/05\/22"},{"girlstar":"牡羊座","girImage":"fanfan","girlNO":"57","girlURL":"https:\/\/cpblgirls.tw\/files\/member\/cache.cc21e68107df452be376bda40b424a20.jpg.w334_h500.jpg","girlName":"芃芃","girlfacebookURL":"","girlheight":"168cm","girligURL":"","girlsecondName":"","girlnickName":"簡妏錡","girIntime":"2024","girlbrithday":"1997\/03\/30"},{"girlstar":"水瓶座","girImage":"huiqing","girlNO":"66","girlURL":"https:\/\/cpblgirls.tw\/files\/member\/cache.cc21e68107df452be376bda40b424a20.jpg.w334_h500.jpg","girlName":"會晴","girlfacebookURL":"","girlheight":"168cm","girligURL":"","girlsecondName":"","girlnickName":"張惠晴","girIntime":"2024","girlbrithday":"1997\/01\/30"},{"girlstar":"天秤座","girImage":"jiujiu","girlNO":"99","girlURL":"https:\/\/cpblgirls.tw\/files\/member\/cache.cc21e68107df452be376bda40b424a20.jpg.w334_h500.jpg","girlName":"玖玖","girlfacebookURL":"","girlheight":"168cm","girligURL":"","girlsecondName":"","girlnickName":"林芊妤","girIntime":"2024","girlbrithday":"1995\/10\/04"},{"girlstar":"雙魚座","girImage":"maomao","girlNO":"39","girlURL":"https:\/\/cpblgirls.tw\/files\/member\/cache.cc21e68107df452be376bda40b424a20.jpg.w334_h500.jpg","girlName":"毛毛","girlfacebookURL":"","girlheight":"168cm","girligURL":"","girlsecondName":"","girlnickName":"毛凱薇","girIntime":"2024","girlbrithday":"1996\/03\/09"},{"girlstar":"摩羯座","girImage":"mini","girlNO":"3","girlURL":"https:\/\/cpblgirls.tw\/files\/member\/cache.cc21e68107df452be376bda40b424a20.jpg.w334_h500.jpg","girlName":"米妮","girlfacebookURL":"","girlheight":"168cm","girligURL":"","girlsecondName":"","girlnickName":"呂米妮","girIntime":"2024","girlbrithday":"2003\/01\/03"},{"girlstar":"天蠍座","girImage":"miya","girlNO":"8","girlURL":"https:\/\/cpblgirls.tw\/files\/member\/cache.cc21e68107df452be376bda40b424a20.jpg.w334_h500.jpg","girlName":"米亞","girlfacebookURL":"","girlheight":"168cm","girligURL":"","girlsecondName":"","girlnickName":"王文伶","girIntime":"2024","girlbrithday":"1998\/11\/17"},{"girlstar":"射手座","girImage":"nimo","girlNO":"6","girlURL":"https:\/\/cpblgirls.tw\/files\/member\/cache.cc21e68107df452be376bda40b424a20.jpg.w334_h500.jpg","girlName":"尼莫","girlfacebookURL":"","girlheight":"168cm","girligURL":"","girlsecondName":"","girlnickName":"黃可欣","girIntime":"2024","girlbrithday":"1999\/12\/10"},{"girlstar":"雙子座","girImage":"nina","girlNO":"84","girlURL":"https:\/\/cpblgirls.tw\/files\/member\/cache.cc21e68107df452be376bda40b424a20.jpg.w334_h500.jpg","girlName":"NINA","girlfacebookURL":"","girlheight":"168cm","girligURL":"","girlsecondName":"","girlnickName":"陳俞蓁","girIntime":"2024","girlbrithday":"2002\/05\/22"},{"girlstar":"處女座","girImage":"qianqian","girlNO":"15","girlURL":"https:\/\/cpblgirls.tw\/files\/member\/cache.cc21e68107df452be376bda40b424a20.jpg.w334_h500.jpg","girlName":"千千","girlfacebookURL":"","girlheight":"168cm","girligURL":"","girlsecondName":"","girlnickName":"潘怡千","girIntime":"2024","girlbrithday":"2000\/09\/15"},{"girlstar":"水瓶座","girImage":"youtou","girlNO":"75","girlURL":"https:\/\/cpblgirls.tw\/files\/member\/cache.cc21e68107df452be376bda40b424a20.jpg.w334_h500.jpg","girlName":"芋頭","girlfacebookURL":"","girlheight":"168cm","girligURL":"","girlsecondName":"","girlnickName":"黃鈺婷","girIntime":"2024","girlbrithday":"2001\/01\/20"},{"girlstar":"獅子座","girImage":"ET","girlNO":"17","girlURL":"https:\/\/cpblgirls.tw\/files\/member\/cache.cc21e68107df452be376bda40b424a20.jpg.w334_h500.jpg","girlName":"ET","girlfacebookURL":"","girlheight":"168cm","girligURL":"","girlsecondName":"","girlnickName":"陳怡婷","girIntime":"2024","girlbrithday":"1999\/07\/31"}]
