[{"classtype":"WS 第一屆","classstatus":true,"classlist":[{"girlclass_icon":"","girlclass_name":"安芝儇","girlclass_no":"2","girlclass_nickname":"安芝儇"},{"girlclass_icon":"","girlclass_name":"MINGO","girlclass_no":"90","girlclass_nickname":"MINGO"},{"girlclass_icon":"","girlclass_name":"林浠","girlclass_no":"33","girlclass_nickname":"林浠"},{"girlclass_icon":"","girlclass_name":"瑈瑈","girlclass_no":"23","girlclass_nickname":"瑈瑈"},{"girlclass_icon":"","girlclass_name":"一粒","girlclass_no":"22","girlclass_nickname":"一粒"},{"girlclass_icon":"","girlclass_name":"艾琳","girlclass_no":"20","girlclass_nickname":"艾琳"},{"girlclass_icon":"","girlclass_name":"妡0","girlclass_no":"19","girlclass_nickname":"妡0"},{"girlclass_icon":"","girlclass_name":"黃澄澄","girlclass_no":"18","girlclass_nickname":"黃澄澄"}]},{"classtype":"WS 第一屆","classstatus":true,"classlist":[{"girlclass_icon":"","girlclass_name":"安芝儇","girlclass_no":"2","girlclass_nickname":"安芝儇"},{"girlclass_icon":"","girlclass_name":"MINGO","girlclass_no":"90","girlclass_nickname":"MINGO"},{"girlclass_icon":"","girlclass_name":"林浠","girlclass_no":"33","girlclass_nickname":"林浠"},{"girlclass_icon":"","girlclass_name":"瑈瑈","girlclass_no":"23","girlclass_nickname":"瑈瑈"},{"girlclass_icon":"","girlclass_name":"一粒","girlclass_no":"22","girlclass_nickname":"一粒"},{"girlclass_icon":"","girlclass_name":"艾琳","girlclass_no":"20","girlclass_nickname":"艾琳"},{"girlclass_icon":"","girlclass_name":"妡0","girlclass_no":"19","girlclass_nickname":"妡0"},{"girlclass_icon":"","girlclass_name":"黃澄澄","girlclass_no":"18","girlclass_nickname":"黃澄澄"}]},{"classtype":"WS 第一屆","classstatus":true,"classlist":[{"girlclass_icon":"","girlclass_name":"TAKAO","girlclass_no":"","girlclass_nickname":"TAKAO"},{"girlclass_icon":"","girlclass_name":"Matt","girlclass_no":"","girlclass_nickname":"Matt"},{"girlclass_icon":"","girlclass_name":"柏澄","girlclass_no":"","girlclass_nickname":"柏澄"},{"girlclass_icon":"","girlclass_name":"奧丁","girlclass_no":"23","girlclass_nickname":"奧丁"},{"girlclass_icon":"","girlclass_name":"沐妍","girlclass_no":"22","girlclass_nickname":"沐妍"}]}]
