[{"girIclassdate":"2024\/5\/4","girlNO":"33","girlName":"林浠","girlclassdatestatus":false},{"girIclassdate":"2024\/5\/4","girlNO":"33","girlName":"林浠","girlclassdatestatus":false},{"girIclassdate":"2024\/5\/4","girlNO":"33","girlName":"林浠","girlclassdatestatus":true},{"girIclassdate":"2024\/5\/4","girlNO":"33","girlName":"林浠","girlclassdatestatus":false},{"girIclassdate":"2024\/5\/4","girlNO":"33","girlName":"林浠","girlclassdatestatus":false},{"girIclassdate":"2024\/5\/4","girlNO":"33","girlName":"林浠","girlclassdatestatus":false},{"girIclassdate":"2024\/5\/4","girlNO":"33","girlName":"林浠","girlclassdatestatus":true},{"girIclassdate":"2024\/5\/4","girlNO":"33","girlName":"林浠","girlclassdatestatus":false},{"girIclassdate":"2024\/5\/4","girlNO":"33","girlName":"林浠","girlclassdatestatus":false},{"girIclassdate":"2024\/5\/4","girlNO":"33","girlName":"林浠","girlclassdatestatus":true},{"girIclassdate":"2024\/5\/4","girlNO":"33","girlName":"林浠","girlclassdatestatus":false},{"girIclassdate":"2024\/5\/4","girlNO":"33","girlName":"林浠","girlclassdatestatus":false},{"girIclassdate":"2024\/5\/4","girlNO":"33","girlName":"林浠","girlclassdatestatus":true},{"girIclassdate":"2024\/5\/4","girlNO":"33","girlName":"林浠","girlclassdatestatus":false},{"girIclassdate":"2024\/5\/4","girlNO":"33","girlName":"林浠","girlclassdatestatus":false},{"girIclassdate":"2024\/5\/4","girlNO":"33","girlName":"林浠","girlclassdatestatus":false},{"girIclassdate":"2024\/5\/4","girlNO":"33","girlName":"林浠","girlclassdatestatus":false},{"girIclassdate":"2024\/5\/4","girlNO":"33","girlName":"林浠","girlclassdatestatus":false},{"girIclassdate":"2024\/5\/4","girlNO":"33","girlName":"林浠","girlclassdatestatus":false},{"girIclassdate":"2024\/5\/4","girlNO":"33","girlName":"林浠","girlclassdatestatus":false},{"girIclassdate":"2024\/5\/4","girlNO":"33","girlName":"林浠","girlclassdatestatus":false},{"girIclassdate":"2024\/5\/4","girlNO":"33","girlName":"林浠","girlclassdatestatus":false},{"girIclassdate":"2024\/5\/4","girlNO":"33","girlName":"林浠","girlclassdatestatus":false},{"girIclassdate":"2024\/5\/4","girlNO":"33","girlName":"林浠","girlclassdatestatus":false},{"girIclassdate":"2024\/5\/4","girlNO":"33","girlName":"林浠","girlclassdatestatus":false},{"girIclassdate":"2024\/5\/4","girlNO":"33","girlName":"林浠","girlclassdatestatus":false},{"girIclassdate":"2024\/5\/4","girlNO":"33","girlName":"林浠","girlclassdatestatus":false}]
